rsid,chromosome,position,allele1,allele2,genotype,Gene Name
rs369202065,1,569388,G,G,GG,MT-ATP6 MT-ATP8 MT-CO3 MT-ND3 MT-ND4 MT-ND4L
rs199476136,1,569400,T,T,TT,MT-ATP6 MT-ATP8 MT-CO3 MT-ND3 MT-ND4 MT-ND4L
rs3131972,1,752721,G,G,GG,FAM87B
rs12562034,1,768448,G,G,GG,LINC01128
rs115093905,1,787173,G,G,GG,LINC01128
rs6681049,1,800007,C,C,CC,LOC107984850
rs28444699,1,830181,A,A,AA,
rs4970383,1,838555,A,C,AC,LOC284600
rs4970382,1,840753,T,C,TC,LOC284600
rs11516185,1,843405,A,G,AG,LOC284600
rs4475691,1,846808,T,C,TC,LOC284600
rs13303369,1,852875,T,C,TC,LOC284600 LOC100130417
rs4970461,1,852964,G,G,GG,LOC284600 LOC100130417
rs7537756,1,854250,A,G,AG,LOC284600 LOC100130417
rs7418179,1,858801,A,G,AG,LOC107985728
rs13302982,1,861808,G,G,GG,SAMD11 LOC107985728
rs1110052,1,873558,T,G,TG,SAMD11
rs7523549,1,879317,T,C,TC,NOC2L SAMD11
rs2272756,1,882033,A,G,AG,NOC2L
rs61769752,1,883091,G,G,GG,NOC2L
rs76456117,1,887059,A,G,AG,NOC2L
rs3748595,1,887560,C,C,CC,NOC2L
rs3748597,1,888659,C,C,CC,NOC2L
rs13302957,1,891021,A,A,AA,NOC2L
rs267598748,1,891344,G,G,GG,NOC2L
rs13303106,1,891945,A,A,AA,NOC2L
rs4970371,1,893280,A,A,AA,NOC2L
rs6696281,1,903104,T,C,TC,PLEKHN1
rs28690976,1,903245,A,G,AG,PLEKHN1
